city,location_name,date,no2,o3,pm10,pm25,year
Hull,Hull Freetown - UKA00450,1/20/2023,19.15277778,50.98611111,9.430555556,5.666666667,2023
Hull,Hull Freetown - UKA00450,2/20/2023,24.15277778,38.35616438,11.45205479,7.369863014,2023
Hull,Hull Freetown - UKA00450,12/20/2023,30.02222222,16.77777778,21.26666667,16.46666667,2023
Hull,Hull Freetown - UKA00450,1/21/2024,14.68656716,48.97014925,11.34042553,6,2024
Hull,Hull Freetown - UKA00450,2/21/2024,17.69014085,55.84507042,9.037735849,4.886792453,2024
Hull,Hull Freetown - UKA00450,12/21/2024,21.46987952,44.30769231,19.65714286,11.9,2024
Hull,Hull Freetown - UKA00450,1/1/2025,6.69375,70.567952,NA,NA,2025
Hull,Hull Freetown - UKA00450,1/2/2025,28.4484375,34.824965,NA,NA,2025
Hull,Hull Freetown - UKA00450,1/3/2025,70.38,16.03212333,NA,NA,2025
Hull,Hull Freetown - UKA00450,1/4/2025,NA,NA,14.31818182,6.727272727,2025
Hull,Hull Freetown - UKA00450,1/5/2025,NA,NA,28.33333333,15.52380952,2025
Hull,Hull Freetown - UKA00450,1/6/2025,8.574427083,67.16165,10.56521739,5.130434783,2025
Hull,Hull Freetown - UKA00450,1/7/2025,7.2859375,61.30104125,16.39130435,7.608695652,2025
Hull,Hull Freetown - UKA00450,1/8/2025,3.5,57.53327615,10.46153846,3.769230769,2025
Hull,Hull Freetown - UKA00450,1/9/2025,10.40322917,52.17837042,11.17391304,5,2025
Hull,Hull Freetown - UKA00450,1/10/2025,18.43348958,32.49659583,20.43478261,9.347826087,2025
Hull,Hull Freetown - UKA00450,1/11/2025,14.2640625,54.62397208,NA,NA,2025
Hull,Hull Freetown - UKA00450,1/13/2025,31.7475,23.9484,NA,NA,2025
Hull,Hull Freetown - UKA00450,1/14/2025,43.700625,13.470975,NA,NA,2025
Hull,Hull Freetown - UKA00450,1/15/2025,44.465625,6.286455,NA,NA,2025
Hull,Hull Freetown - UKA00450,1/16/2025,35.50875,7.317566667,NA,NA,2025
Hull,Hull Freetown - UKA00450,1/17/2025,34.9509375,18.22739333,NA,NA,2025
Hull,Hull Freetown - UKA00450,1/18/2025,27.14839286,24.79419667,NA,NA,2025
Hull,Hull Freetown - UKA00450,1/19/2025,23.76964286,26.43827333,NA,NA,2025
Hull,Hull Freetown - UKA00450,1/20/2025,28.3475,17.25171778,NA,NA,2025
Hull,Hull Freetown - UKA00450,1/21/2025,43.9078125,14.38718273,NA,NA,2025
Hull,Hull Freetown - UKA00450,1/22/2025,40.79710227,10.29599773,NA,NA,2025
Hull,Hull Freetown - UKA00450,1/23/2025,35.19869318,27.54066,NA,NA,2025
Hull,Hull Freetown - UKA00450,1/24/2025,15.8238587,67.9926313,NA,NA,2025
Hull,Hull Freetown - UKA00450,1/25/2025,27.75619565,48.57360261,NA,NA,2025
Hull,Hull Freetown - UKA00450,1/26/2025,12.20015625,59.08935083,NA,NA,2025
Hull,Hull Freetown - UKA00450,1/27/2025,17.34554348,66.04935458,NA,NA,2025
Hull,Hull Freetown - UKA00450,1/28/2025,15.714375,60.769065,NA,NA,2025
Hull,Hull Freetown - UKA00450,1/29/2025,20.5115625,49.29379,NA,NA,2025
Hull,Hull Freetown - UKA00450,1/30/2025,24.384375,50.311597,NA,NA,2025
Hull,Hull Freetown - UKA00450,1/31/2025,33.405,33.06209667,NA,NA,2025
Hull,Hull Freetown - UKA00450,2/1/2025,10.678125,54.88175,NA,NA,2025
Hull,Hull Freetown - UKA00450,2/2/2025,25.13025,38.616795,NA,NA,2025
Hull,Hull Freetown - UKA00450,2/3/2025,36.52875,45.43543667,NA,NA,2025
Hull,Hull Freetown - UKA00450,2/4/2025,NA,NA,15.73913043,7.608695652,2025
Hull,Hull Freetown - UKA00450,2/5/2025,NA,NA,22.45454545,12.31818182,2025
Hull,Hull Freetown - UKA00450,2/6/2025,10.6375,63.72808375,9.173913043,4.347826087,2025
Hull,Hull Freetown - UKA00450,2/7/2025,6.903229167,63.27725958,13.08695652,5.608695652,2025
Hull,Hull Freetown - UKA00450,2/8/2025,6.213333333,54.83161542,9.272727273,3.045454545,2025
Hull,Hull Freetown - UKA00450,2/9/2025,16.34782609,37.2173913,11.30434783,5,2025
Hull,Hull Freetown - UKA00450,2/10/2025,15.34782609,39.86956522,20.17391304,11.91304348,2025
Hull,Hull Freetown - UKA00450,2/11/2025,18.93375,40.85364208,NA,NA,2025
Hull,Hull Freetown - UKA00450,2/13/2025,19.2525,64.62266667,NA,NA,2025
Hull,Hull Freetown - UKA00450,2/14/2025,23.83972826,56.99025043,NA,NA,2025
Hull,Hull Freetown - UKA00450,2/15/2025,20.6709375,39.38181333,NA,NA,2025
Hull,Hull Freetown - UKA00450,2/16/2025,14.8059375,52.35386333,NA,NA,2025
Hull,Hull Freetown - UKA00450,2/17/2025,14.59320652,62.19642435,NA,NA,2025
Hull,Hull Freetown - UKA00450,2/18/2025,21.93796875,53.12719708,NA,NA,2025
Hull,Hull Freetown - UKA00450,2/19/2025,26.30934783,36.22629348,NA,NA,2025
Hull,Hull Freetown - UKA00450,2/20/2025,23.89828125,42.89091917,NA,NA,2025
Hull,Hull Freetown - UKA00450,2/21/2025,10.51875,60.52791792,NA,NA,2025
Hull,Hull Freetown - UKA00450,2/22/2025,31.231125,43.5561525,NA,NA,2025
Hull,Hull Freetown - UKA00450,2/23/2025,15.33984375,55.8297075,NA,NA,2025
Hull,Hull Freetown - UKA00450,2/24/2025,24.078375,60.27014,NA,NA,2025
Hull,Hull Freetown - UKA00450,2/25/2025,25.69125,56.44504833,NA,NA,2025
Hull,Hull Freetown - UKA00450,2/26/2025,36.37575,29.9355,NA,NA,2025
Hull,Hull Freetown - UKA00450,2/27/2025,9.24375,64.82698833,NA,NA,2025
Hull,Hull Freetown - UKA00450,2/28/2025,43.695,33.16383824,NA,NA,2025
Hull,Hull Freetown - UKA00450,12/1/2025,43.509375,8.0326925,NA,NA,2025
Hull,Hull Freetown - UKA00450,12/2/2025,15.99545455,46.84452182,NA,NA,2025
Hull,Hull Freetown - UKA00450,12/3/2025,12.65576087,63.73224565,NA,NA,2025
Hull,Hull Freetown - UKA00450,12/4/2025,NA,NA,36.86956522,23.82608696,2025
Hull,Hull Freetown - UKA00450,12/5/2025,NA,NA,22.47826087,12.82608696,2025
Hull,Hull Freetown - UKA00450,12/6/2025,11.68828125,86.30084625,19.31818182,11,2025
Hull,Hull Freetown - UKA00450,12/7/2025,3.479947917,61.25803083,13.86956522,7.913043478,2025
Hull,Hull Freetown - UKA00450,12/8/2025,22.95010417,76.76009125,25.39130435,14.86956522,2025
Hull,Hull Freetown - UKA00450,12/9/2025,15.65068182,28.815657,8.47826087,4,2025
Hull,Hull Freetown - UKA00450,12/10/2025,19.93505208,18.50822583,19.95652174,14.04347826,2025
Hull,Hull Freetown - UKA00450,12/11/2025,14.40259615,47.37484769,NA,NA,2025
Sheffield,Sheffield Devonshire Green - UKA00575,1/20/2023,26.04347826,19.04347826,10.2173913,7.608695652,2023
Sheffield,Sheffield Devonshire Green - UKA00575,2/20/2023,25.11428571,17.23529412,16.08695652,13.56521739,2023
Sheffield,Sheffield Devonshire Green - UKA00575,12/20/2023,29.93181818,9.477272727,16.38636364,13.04545455,2023
Sheffield,Sheffield Devonshire Green - UKA00575,1/21/2024,17.90769231,48.53846154,9.288888889,4.755555556,2024
Sheffield,Sheffield Devonshire Green - UKA00575,2/21/2024,26.98550725,39.62318841,8.960784314,6.31372549,2024
Sheffield,Sheffield Devonshire Green - UKA00575,12/21/2024,16.51898734,42.43243243,15.63265306,11.75510204,2024
Sheffield,Sheffield Devonshire Green - UKA00575,1/1/2025,10.44225,59.07272,NA,NA,2025
Sheffield,Sheffield Devonshire Green - UKA00575,1/2/2025,19.10109375,44.84623,NA,NA,2025
Sheffield,Sheffield Devonshire Green - UKA00575,1/3/2025,54.25125,0,NA,NA,2025
Sheffield,Sheffield Devonshire Green - UKA00575,1/4/2025,NA,NA,14.95454545,7.5,2025
Sheffield,Sheffield Devonshire Green - UKA00575,1/5/2025,NA,NA,21.19047619,11.76190476,2025
Sheffield,Sheffield Devonshire Green - UKA00575,1/6/2025,2.443072917,65.27752833,8.869565217,4.434782609,2025
Sheffield,Sheffield Devonshire Green - UKA00575,1/7/2025,8.0075,50.26188292,11.34782609,5.304347826,2025
Sheffield,Sheffield Devonshire Green - UKA00575,1/8/2025,7.47826087,42.2173913,7.913043478,4.826086957,2025
Sheffield,Sheffield Devonshire Green - UKA00575,1/9/2025,7.7415625,49.14510875,9.130434783,4.52173913,2025
Sheffield,Sheffield Devonshire Green - UKA00575,1/10/2025,23.18755208,23.50706125,12.26086957,7.391304348,2025
Sheffield,Sheffield Devonshire Green - UKA00575,1/11/2025,12.12046875,52.76131875,NA,NA,2025
Sheffield,Sheffield Devonshire Green - UKA00575,1/13/2025,20.368125,36.12217,NA,NA,2025
Sheffield,Sheffield Devonshire Green - UKA00575,1/14/2025,36.751875,27.00847333,NA,NA,2025
Sheffield,Sheffield Devonshire Green - UKA00575,1/15/2025,45.613125,15.76603,NA,NA,2025
Sheffield,Sheffield Devonshire Green - UKA00575,1/16/2025,48.00375,17.9613,NA,NA,2025
Sheffield,Sheffield Devonshire Green - UKA00575,1/17/2025,21.5953125,36.221955,NA,NA,2025
Sheffield,Sheffield Devonshire Green - UKA00575,1/18/2025,18.38732143,33.66080667,NA,NA,2025
Sheffield,Sheffield Devonshire Green - UKA00575,1/19/2025,20.95553571,28.55751667,NA,NA,2025
Sheffield,Sheffield Devonshire Green - UKA00575,1/20/2025,35.53265625,24.10639292,NA,NA,2025
Sheffield,Sheffield Devonshire Green - UKA00575,1/21/2025,20.53421053,33.088706,NA,NA,2025
Sheffield,Sheffield Devonshire Green - UKA00575,1/22/2025,30.56522727,18.92286455,NA,NA,2025
Sheffield,Sheffield Devonshire Green - UKA00575,1/23/2025,20.83755682,39.60557364,NA,NA,2025
Sheffield,Sheffield Devonshire Green - UKA00575,1/24/2025,9.188315217,64.57391043,NA,NA,2025
Sheffield,Sheffield Devonshire Green - UKA00575,1/25/2025,20.52195652,46.10934696,NA,NA,2025
Sheffield,Sheffield Devonshire Green - UKA00575,1/26/2025,18.09703125,45.26081292,NA,NA,2025
Sheffield,Sheffield Devonshire Green - UKA00575,1/27/2025,15.49921875,59.31386708,NA,NA,2025
Sheffield,Sheffield Devonshire Green - UKA00575,1/28/2025,22.44,43.77235333,NA,NA,2025
Sheffield,Sheffield Devonshire Green - UKA00575,1/29/2025,16.351875,53.384975,NA,NA,2025
Sheffield,Sheffield Devonshire Green - UKA00575,1/30/2025,18.149625,53.963728,NA,NA,2025
Sheffield,Sheffield Devonshire Green - UKA00575,1/31/2025,19.603125,45.50196,NA,NA,2025
Sheffield,Sheffield Devonshire Green - UKA00575,2/1/2025,21.93,44.204755,NA,NA,2025
Sheffield,Sheffield Devonshire Green - UKA00575,2/2/2025,23.351625,40.353054,NA,NA,2025
Sheffield,Sheffield Devonshire Green - UKA00575,2/3/2025,30.855,39.24876667,NA,NA,2025
Sheffield,Sheffield Devonshire Green - UKA00575,2/4/2025,NA,NA,15.43478261,9.130434783,2025
Sheffield,Sheffield Devonshire Green - UKA00575,2/5/2025,NA,NA,17.18181818,9.818181818,2025
Sheffield,Sheffield Devonshire Green - UKA00575,2/6/2025,2.359739583,68.44455333,8.956521739,4.043478261,2025
Sheffield,Sheffield Devonshire Green - UKA00575,2/7/2025,6.623385417,52.90351375,12.2173913,5.739130435,2025
Sheffield,Sheffield Devonshire Green - UKA00575,2/8/2025,8.3825,45.42998292,6,3.130434783,2025
Sheffield,Sheffield Devonshire Green - UKA00575,2/9/2025,10.69565217,42.82608696,8.260869565,4,2025
Sheffield,Sheffield Devonshire Green - UKA00575,2/10/2025,15.52173913,33.30434783,14.04347826,9.086956522,2025
Sheffield,Sheffield Devonshire Green - UKA00575,2/11/2025,11.0925,46.53307167,NA,NA,2025
Sheffield,Sheffield Devonshire Green - UKA00575,2/13/2025,21.91178571,51.16594667,NA,NA,2025
Sheffield,Sheffield Devonshire Green - UKA00575,2/14/2025,26.27608696,46.13537783,NA,NA,2025
Sheffield,Sheffield Devonshire Green - UKA00575,2/15/2025,31.3171875,20.31456292,NA,NA,2025
Sheffield,Sheffield Devonshire Green - UKA00575,2/16/2025,22.14515625,31.45722125,NA,NA,2025
Sheffield,Sheffield Devonshire Green - UKA00575,2/17/2025,24.61304348,39.02027348,NA,NA,2025
Sheffield,Sheffield Devonshire Green - UKA00575,2/18/2025,29.65206522,31.41058261,NA,NA,2025
Sheffield,Sheffield Devonshire Green - UKA00575,2/19/2025,37.46005435,13.9091613,NA,NA,2025
Sheffield,Sheffield Devonshire Green - UKA00575,2/20/2025,14.8696875,46.49981,NA,NA,2025
Sheffield,Sheffield Devonshire Green - UKA00575,2/21/2025,11.5228125,55.181105,NA,NA,2025
Sheffield,Sheffield Devonshire Green - UKA00575,2/22/2025,14.1811875,55.2908685,NA,NA,2025
Sheffield,Sheffield Devonshire Green - UKA00575,2/23/2025,9.60234375,57.8753,NA,NA,2025
Sheffield,Sheffield Devonshire Green - UKA00575,2/24/2025,13.8369375,64.042013,NA,NA,2025
Sheffield,Sheffield Devonshire Green - UKA00575,2/25/2025,12.845625,62.565195,NA,NA,2025
Sheffield,Sheffield Devonshire Green - UKA00575,2/26/2025,23.29425,39.355204,NA,NA,2025
Sheffield,Sheffield Devonshire Green - UKA00575,2/27/2025,7.681875,55.779815,NA,NA,2025
Sheffield,Sheffield Devonshire Green - UKA00575,2/28/2025,47.4778125,16.79714167,NA,NA,2025
Sheffield,Sheffield Devonshire Green - UKA00575,12/1/2025,33.6121875,21.9028075,NA,NA,2025
Sheffield,Sheffield Devonshire Green - UKA00575,12/2/2025,20.58545455,29.73593,NA,NA,2025
Sheffield,Sheffield Devonshire Green - UKA00575,12/3/2025,14.42427632,56.6279875,NA,NA,2025
Sheffield,Sheffield Devonshire Green - UKA00575,12/4/2025,NA,NA,31.17391304,14.69565217,2025
Sheffield,Sheffield Devonshire Green - UKA00575,12/5/2025,NA,NA,20.43478261,12.43478261,2025
Sheffield,Sheffield Devonshire Green - UKA00575,12/6/2025,2.004431818,87.32159174,17.68181818,10.31818182,2025
Sheffield,Sheffield Devonshire Green - UKA00575,12/7/2025,13.07010417,61.934715,14.26086957,7.130434783,2025
Sheffield,Sheffield Devonshire Green - UKA00575,12/8/2025,24.60015625,70.01751083,24.30434783,13.95652174,2025
Sheffield,Sheffield Devonshire Green - UKA00575,12/9/2025,7.050989583,44.037725,5.52173913,3,2025
Sheffield,Sheffield Devonshire Green - UKA00575,12/10/2025,26.30755208,13.45833333,17.2173913,12.65217391,2025
Sheffield,Sheffield Devonshire Green - UKA00575,12/11/2025,10.81298077,51.50441154,NA,NA,2025
Hull,Hull Freetown - UKA00450,3/20/2023,19.53225806,36.75806452,10.77419355,7.806451613,2023
Hull,Hull Freetown - UKA00450,4/20/2023,16.89552239,42.62686567,10.85074627,7.970149254,2023
Hull,Hull Freetown - UKA00450,5/20/2023,17.98461538,45.70769231,9.476923077,5.723076923,2023
Hull,Hull Freetown - UKA00450,3/21/2024,24.35632184,46.43023256,8.042253521,5.084507042,2024
Hull,Hull Freetown - UKA00450,4/21/2024,26.92405063,36.88607595,17.11594203,10.82608696,2024
Hull,Hull Freetown - UKA00450,5/21/2024,18.43835616,43.86111111,22.76271186,10.72881356,2024
Hull,Hull Freetown - UKA00450,3/1/2025,17.57109375,48.96948875,NA,NA,2025
Hull,Hull Freetown - UKA00450,3/2/2025,32.95875,24.34754,NA,NA,2025
Hull,Hull Freetown - UKA00450,3/3/2025,32.034375,44.005185,NA,NA,2025
Hull,Hull Freetown - UKA00450,3/4/2025,NA,NA,25.08695652,14.60869565,2025
Hull,Hull Freetown - UKA00450,3/5/2025,NA,NA,15.73913043,6.782608696,2025
Hull,Hull Freetown - UKA00450,3/6/2025,12.26086957,64.39130435,11.52173913,5,2025
Hull,Hull Freetown - UKA00450,3/7/2025,9.559635417,59.03736667,6.739130435,2.869565217,2025
Hull,Hull Freetown - UKA00450,3/8/2025,12.27229167,48.19527,10.95652174,5.304347826,2025
Hull,Hull Freetown - UKA00450,3/9/2025,14.35151042,37.22227667,9.304347826,4.913043478,2025
Hull,Hull Freetown - UKA00450,3/10/2025,8.174166667,56.1274925,16,9.608695652,2025
Hull,Hull Freetown - UKA00450,3/11/2025,16.29102273,49.13957682,NA,NA,2025
Hull,Hull Freetown - UKA00450,3/13/2025,12.43125,74.97962294,NA,NA,2025
Hull,Hull Freetown - UKA00450,3/14/2025,11.88,60.38101222,NA,NA,2025
Hull,Hull Freetown - UKA00450,3/30/2025,NA,NA,16.04545455,7.590909091,2025
Hull,Hull Freetown - UKA00450,3/31/2025,NA,NA,14.86956522,7.217391304,2025
Hull,Hull Freetown - UKA00450,4/1/2025,34.87704545,19.877172,NA,NA,2025
Hull,Hull Freetown - UKA00450,4/2/2025,20.655,43.865486,NA,NA,2025
Hull,Hull Freetown - UKA00450,4/3/2025,36.1845,48.89465,NA,NA,2025
Hull,Hull Freetown - UKA00450,4/4/2025,NA,NA,28.22727273,15.54545455,2025
Hull,Hull Freetown - UKA00450,4/5/2025,NA,NA,15.75,5.4,2025
Hull,Hull Freetown - UKA00450,4/6/2025,14.73244792,62.87722375,11,4.652173913,2025
Hull,Hull Freetown - UKA00450,4/7/2025,13.10744792,55.67837042,11.04347826,4.347826087,2025
Hull,Hull Freetown - UKA00450,4/8/2025,9.740885417,50.72718792,9.608695652,4.913043478,2025
Hull,Hull Freetown - UKA00450,4/9/2025,18.11609375,30.28888958,7.434782609,3.086956522,2025
Hull,Hull Freetown - UKA00450,4/10/2025,6.256822917,58.80381833,8.086956522,3.608695652,2025
Hull,Hull Freetown - UKA00450,4/11/2025,13.291875,51.40174813,NA,NA,2025
Hull,Hull Freetown - UKA00450,4/13/2025,NA,NA,35.30434783,24.30434783,2025
Hull,Hull Freetown - UKA00450,4/14/2025,NA,NA,14.2173913,5.782608696,2025
Hull,Hull Freetown - UKA00450,4/15/2025,NA,NA,18.13043478,9.304347826,2025
Hull,Hull Freetown - UKA00450,4/16/2025,NA,NA,13.47826087,8.52173913,2025
Hull,Hull Freetown - UKA00450,4/17/2025,NA,NA,11.08695652,4.173913043,2025
Hull,Hull Freetown - UKA00450,4/18/2025,NA,NA,14.04347826,7.826086957,2025
Hull,Hull Freetown - UKA00450,4/19/2025,NA,NA,12.56521739,6.47826087,2025
Hull,Hull Freetown - UKA00450,4/20/2025,NA,NA,9.260869565,4.956521739,2025
Hull,Hull Freetown - UKA00450,4/21/2025,NA,NA,9,4.826086957,2025
Hull,Hull Freetown - UKA00450,4/22/2025,NA,NA,12.2173913,8.260869565,2025
Hull,Hull Freetown - UKA00450,4/23/2025,NA,NA,17.86956522,10.65217391,2025
Hull,Hull Freetown - UKA00450,4/24/2025,NA,NA,16.4,10.2,2025
Hull,Hull Freetown - UKA00450,4/25/2025,NA,NA,14,9.176470588,2025
Hull,Hull Freetown - UKA00450,4/26/2025,NA,NA,12.66666667,8.19047619,2025
Hull,Hull Freetown - UKA00450,4/27/2025,NA,NA,24.08695652,18.17391304,2025
Hull,Hull Freetown - UKA00450,4/28/2025,NA,NA,15.5,8.045454545,2025
Hull,Hull Freetown - UKA00450,4/29/2025,NA,NA,25.91304348,15.69565217,2025
Hull,Hull Freetown - UKA00450,4/30/2025,NA,NA,24.54545455,13.04545455,2025
Hull,Hull Freetown - UKA00450,5/1/2025,14.00375,49.11639444,NA,NA,2025
Hull,Hull Freetown - UKA00450,5/2/2025,35.668125,39.1656125,NA,NA,2025
Hull,Hull Freetown - UKA00450,5/3/2025,37.20609375,45.61006042,NA,NA,2025
Hull,Hull Freetown - UKA00450,5/4/2025,NA,NA,23.43478261,11,2025
Hull,Hull Freetown - UKA00450,5/5/2025,NA,NA,11.56521739,4.652173913,2025
Hull,Hull Freetown - UKA00450,5/6/2025,20.01682292,51.98532417,10.95652174,4.826086957,2025
Hull,Hull Freetown - UKA00450,5/7/2025,6.962864583,52.61193667,12.65217391,4.652173913,2025
Hull,Hull Freetown - UKA00450,5/8/2025,7.9596875,53.10344208,12.39130435,5,2025
Hull,Hull Freetown - UKA00450,5/9/2025,22.80179348,33.58629391,9,4.19047619,2025
Hull,Hull Freetown - UKA00450,5/10/2025,4.82671875,62.96181125,15.95652174,7.739130435,2025
Hull,Hull Freetown - UKA00450,5/11/2025,17.14597826,34.17853174,NA,NA,2025
Hull,Hull Freetown - UKA00450,5/13/2025,NA,NA,31.65217391,18.52173913,2025
Hull,Hull Freetown - UKA00450,5/14/2025,8.363636364,77.45454545,23.73913043,11.60869565,2025
Hull,Hull Freetown - UKA00450,5/15/2025,5.427135417,80.63410583,27.73913043,10.65217391,2025
Hull,Hull Freetown - UKA00450,5/16/2025,5.418020833,73.87713417,29.04347826,12.73913043,2025
Hull,Hull Freetown - UKA00450,5/17/2025,3.260869565,82.86956522,21.56521739,9.826086957,2025
Hull,Hull Freetown - UKA00450,5/18/2025,2.608695652,85.13043478,21.47826087,11.91304348,2025
Hull,Hull Freetown - UKA00450,5/19/2025,7.259673913,75.02741652,18.63636364,9.227272727,2025
Hull,Hull Freetown - UKA00450,5/20/2025,9.695652174,71.43478261,17.56521739,10.30434783,2025
Hull,Hull Freetown - UKA00450,5/21/2025,9.224479167,63.10191917,24.39130435,12.04347826,2025
Hull,Hull Freetown - UKA00450,5/22/2025,5.429635417,66.11917708,25.13043478,9.956521739,2025
Hull,Hull Freetown - UKA00450,5/23/2025,10.00635417,63.05505667,15.56521739,6.086956522,2025
Hull,Hull Freetown - UKA00450,5/24/2025,16.051875,46.56249208,13.82608696,6.652173913,2025
Hull,Hull Freetown - UKA00450,5/25/2025,9.503385417,56.27279625,11.26086957,6.304347826,2025
Hull,Hull Freetown - UKA00450,5/26/2025,11.33921875,60.25419458,9.086956522,4,2025
Hull,Hull Freetown - UKA00450,5/27/2025,15.66255208,59.59432042,7.391304348,3.304347826,2025
Hull,Hull Freetown - UKA00450,5/28/2025,12.43645833,55.845485,9.47826087,5.565217391,2025
Hull,Hull Freetown - UKA00450,5/29/2025,13.45921875,42.87767167,8.652173913,4.347826087,2025
Hull,Hull Freetown - UKA00450,5/30/2025,15.26182292,36.87302917,7.913043478,3.130434783,2025
Hull,Hull Freetown - UKA00450,5/31/2025,22.33989583,37.67881833,10,5.47826087,2025
Sheffield,Sheffield Devonshire Green - UKA00575,3/20/2023,14.44444444,33.63888889,9.161290323,7.290322581,2023
Sheffield,Sheffield Devonshire Green - UKA00575,4/20/2023,27.07142857,19.45238095,9.857142857,7.833333333,2023
Sheffield,Sheffield Devonshire Green - UKA00575,5/20/2023,16.625,37.775,11,8.725,2023
Sheffield,Sheffield Devonshire Green - UKA00575,3/21/2024,22.95238095,46.61904762,6.417910448,4.776119403,2024
Sheffield,Sheffield Devonshire Green - UKA00575,4/21/2024,25.55844156,39.06493506,10.02985075,6.701492537,2024
Sheffield,Sheffield Devonshire Green - UKA00575,5/21/2024,23.46511628,46.15116279,16.54545455,9.121212121,2024
Sheffield,Sheffield Devonshire Green - UKA00575,3/1/2025,16.99734375,51.788415,NA,NA,2025
Sheffield,Sheffield Devonshire Green - UKA00575,3/2/2025,13.2175,48.38463778,NA,NA,2025
Sheffield,Sheffield Devonshire Green - UKA00575,3/3/2025,17.2125,55.181105,NA,NA,2025
Sheffield,Sheffield Devonshire Green - UKA00575,3/4/2025,NA,NA,22.47826087,14.43478261,2025
Sheffield,Sheffield Devonshire Green - UKA00575,3/5/2025,NA,NA,13.47826087,6.52173913,2025
Sheffield,Sheffield Devonshire Green - UKA00575,3/6/2025,2.434782609,67.30434783,8.869565217,4.391304348,2025
Sheffield,Sheffield Devonshire Green - UKA00575,3/7/2025,5.296666667,57.53706278,6.434782609,3.217391304,2025
Sheffield,Sheffield Devonshire Green - UKA00575,3/8/2025,8.008177083,50.47871083,8.47826087,5.130434783,2025
Sheffield,Sheffield Devonshire Green - UKA00575,3/9/2025,11.16755208,33.62222292,7.304347826,4.173913043,2025
Sheffield,Sheffield Devonshire Green - UKA00575,3/10/2025,8.7121875,43.91987583,10.34782609,6.826086957,2025
Sheffield,Sheffield Devonshire Green - UKA00575,3/11/2025,7.041477273,54.61868045,NA,NA,2025
Sheffield,Sheffield Devonshire Green - UKA00575,3/13/2025,24.96875,53.21866667,NA,NA,2025
Sheffield,Sheffield Devonshire Green - UKA00575,3/14/2025,21.0375,42.408625,NA,NA,2025
Sheffield,Sheffield Devonshire Green - UKA00575,3/30/2025,NA,NA,13.77272727,7.409090909,2025
Sheffield,Sheffield Devonshire Green - UKA00575,3/31/2025,NA,NA,17.30434783,9.173913043,2025
Sheffield,Sheffield Devonshire Green - UKA00575,4/1/2025,32.646375,29.037435,NA,NA,2025
Sheffield,Sheffield Devonshire Green - UKA00575,4/2/2025,12.4695,51.329404,NA,NA,2025
Sheffield,Sheffield Devonshire Green - UKA00575,4/3/2025,11.991375,67.394789,NA,NA,2025
Sheffield,Sheffield Devonshire Green - UKA00575,4/4/2025,NA,NA,27.72727273,18.40909091,2025
Sheffield,Sheffield Devonshire Green - UKA00575,4/5/2025,NA,NA,9.8,4.3,2025
Sheffield,Sheffield Devonshire Green - UKA00575,4/6/2025,3.734739583,66.07742083,8.695652174,3.956521739,2025
Sheffield,Sheffield Devonshire Green - UKA00575,4/7/2025,3.3346875,39.11572,8.304347826,3.956521739,2025
Sheffield,Sheffield Devonshire Green - UKA00575,4/8/2025,5.860416667,47.87829875,7.260869565,4.173913043,2025
Sheffield,Sheffield Devonshire Green - UKA00575,4/9/2025,11.8934375,38.11319083,5.47826087,2.608695652,2025
Sheffield,Sheffield Devonshire Green - UKA00575,4/10/2025,3.07171875,54.95331667,5.695652174,2.608695652,2025
Sheffield,Sheffield Devonshire Green - UKA00575,4/11/2025,12.22804688,44.44174438,NA,NA,2025
Sheffield,Sheffield Devonshire Green - UKA00575,4/13/2025,NA,NA,18.04347826,10.39130435,2025
Sheffield,Sheffield Devonshire Green - UKA00575,4/14/2025,NA,NA,9.565217391,4.086956522,2025
Sheffield,Sheffield Devonshire Green - UKA00575,4/15/2025,NA,NA,14.13043478,7.304347826,2025
Sheffield,Sheffield Devonshire Green - UKA00575,4/16/2025,NA,NA,13.47826087,9.260869565,2025
Sheffield,Sheffield Devonshire Green - UKA00575,4/17/2025,NA,NA,5.869565217,2.869565217,2025
Sheffield,Sheffield Devonshire Green - UKA00575,4/18/2025,NA,NA,11.82608696,6.652173913,2025
Sheffield,Sheffield Devonshire Green - UKA00575,4/19/2025,NA,NA,13.39130435,8.782608696,2025
Sheffield,Sheffield Devonshire Green - UKA00575,4/20/2025,NA,NA,11.2173913,7.260869565,2025
Sheffield,Sheffield Devonshire Green - UKA00575,4/21/2025,NA,NA,11,7.956521739,2025
Sheffield,Sheffield Devonshire Green - UKA00575,4/22/2025,NA,NA,10.73913043,7.913043478,2025
Sheffield,Sheffield Devonshire Green - UKA00575,4/23/2025,NA,NA,10.47826087,6.043478261,2025
Sheffield,Sheffield Devonshire Green - UKA00575,4/24/2025,NA,NA,15.55555556,10.66666667,2025
Sheffield,Sheffield Devonshire Green - UKA00575,4/25/2025,NA,NA,11.25,7.25,2025
Sheffield,Sheffield Devonshire Green - UKA00575,4/26/2025,NA,NA,15.76190476,11.19047619,2025
Sheffield,Sheffield Devonshire Green - UKA00575,4/27/2025,NA,NA,20.39130435,15.69565217,2025
Sheffield,Sheffield Devonshire Green - UKA00575,4/28/2025,NA,NA,7.181818182,3.727272727,2025
Sheffield,Sheffield Devonshire Green - UKA00575,4/29/2025,NA,NA,12.60869565,6.52173913,2025
Sheffield,Sheffield Devonshire Green - UKA00575,4/30/2025,NA,NA,18.45454545,10.59090909,2025
Sheffield,Sheffield Devonshire Green - UKA00575,5/1/2025,20.043,43.007335,NA,NA,2025
Sheffield,Sheffield Devonshire Green - UKA00575,5/2/2025,25.36453125,42.5583025,NA,NA,2025
Sheffield,Sheffield Devonshire Green - UKA00575,5/3/2025,12.3515625,66.63974917,NA,NA,2025
Sheffield,Sheffield Devonshire Green - UKA00575,5/4/2025,NA,NA,19.52173913,11.08695652,2025
Sheffield,Sheffield Devonshire Green - UKA00575,5/5/2025,NA,NA,9.391304348,4.391304348,2025
Sheffield,Sheffield Devonshire Green - UKA00575,5/6/2025,7.814427083,62.42693708,7.391304348,3.52173913,2025
Sheffield,Sheffield Devonshire Green - UKA00575,5/7/2025,3.01046875,NA,8.086956522,3.608695652,2025
Sheffield,Sheffield Devonshire Green - UKA00575,5/8/2025,4.51046875,51.4699475,11.04347826,4.739130435,2025
Sheffield,Sheffield Devonshire Green - UKA00575,5/9/2025,12.70961957,39.81254913,7.619047619,3.857142857,2025
Sheffield,Sheffield Devonshire Green - UKA00575,5/10/2025,3.459010417,57.91987583,14.47826087,7.043478261,2025
Sheffield,Sheffield Devonshire Green - UKA00575,5/11/2025,17.22081522,30.65568739,NA,NA,2025
Sheffield,Sheffield Devonshire Green - UKA00575,5/13/2025,NA,NA,21.39130435,11.26086957,2025
Sheffield,Sheffield Devonshire Green - UKA00575,5/14/2025,8.454545455,78.5,19.43478261,10.30434783,2025
Sheffield,Sheffield Devonshire Green - UKA00575,5/15/2025,5.8053125,79.1936575,19.82608696,10.13043478,2025
Sheffield,Sheffield Devonshire Green - UKA00575,5/16/2025,5.181458333,83.71797667,21.39130435,10.7826087,2025
Sheffield,Sheffield Devonshire Green - UKA00575,5/17/2025,5.913043478,91.08695652,18.73913043,9.47826087,2025
Sheffield,Sheffield Devonshire Green - UKA00575,5/18/2025,4.913043478,83.47826087,19.39130435,10.69565217,2025
Sheffield,Sheffield Devonshire Green - UKA00575,5/19/2025,7.847228261,81.64469565,17.27272727,9.863636364,2025
Sheffield,Sheffield Devonshire Green - UKA00575,5/20/2025,10.39130435,75.04347826,17.39130435,10.13043478,2025
Sheffield,Sheffield Devonshire Green - UKA00575,5/21/2025,6.94625,86.72548583,16.47826087,9.347826087,2025
Sheffield,Sheffield Devonshire Green - UKA00575,5/22/2025,9.388177083,61.79523417,18.7826087,8.739130435,2025
Sheffield,Sheffield Devonshire Green - UKA00575,5/23/2025,10.18802083,62.53190208,13.56521739,6.130434783,2025
Sheffield,Sheffield Devonshire Green - UKA00575,5/24/2025,4.425989583,52.95966125,10.86956522,5.304347826,2025
Sheffield,Sheffield Devonshire Green - UKA00575,5/25/2025,3.16984375,60.43078917,9.565217391,5.173913043,2025
Sheffield,Sheffield Devonshire Green - UKA00575,5/26/2025,3.285052083,61.26170375,8.043478261,3.739130435,2025
Sheffield,Sheffield Devonshire Green - UKA00575,5/27/2025,6.3775,62.19401583,5.217391304,2.47826087,2025
Sheffield,Sheffield Devonshire Green - UKA00575,5/28/2025,7.090833333,56.1958075,4.130434783,2,2025
Sheffield,Sheffield Devonshire Green - UKA00575,5/29/2025,2.86609375,43.17854958,5.956521739,2.826086957,2025
Sheffield,Sheffield Devonshire Green - UKA00575,5/30/2025,4.50796875,41.89743792,5.391304348,2,2025
Sheffield,Sheffield Devonshire Green - UKA00575,5/31/2025,7.204427083,48.69697208,6.652173913,3,2025
Sheffield,Sheffield Devonshire Green - UKA00575,12/20/2023,29.93181818,9.477272727,16.38636364,13.04545455,2023
Hull,Hull Freetown - UKA00450,6/20/2023,32.60869565,34.04347826,14.69565217,9.956521739,2023
Hull,Hull Freetown - UKA00450,7/20/2023,18.77777778,41.76388889,11.25,7.055555556,2023
Hull,Hull Freetown - UKA00450,8/20/2023,20.75714286,45.37142857,10.57142857,6.585714286,2023
Hull,Hull Freetown - UKA00450,6/21/2024,16.42647059,43.79411765,12,5.909090909,2024
Hull,Hull Freetown - UKA00450,7/21/2024,21.14285714,48.92207792,16.72413793,10.12068966,2024
Hull,Hull Freetown - UKA00450,8/21/2024,15.8625,48.925,23.18333333,14.15,2024
Hull,Hull Freetown - UKA00450,6/1/2025,14.55238636,51.45277455,NA,NA,2025
Hull,Hull Freetown - UKA00450,6/2/2025,34.9605,29.017478,NA,NA,2025
Hull,Hull Freetown - UKA00450,6/3/2025,31.43152174,49.29379,NA,NA,2025
Hull,Hull Freetown - UKA00450,6/4/2025,NA,NA,15.81818182,7.318181818,2025
Hull,Hull Freetown - UKA00450,6/5/2025,NA,NA,12,5,2025
Hull,Hull Freetown - UKA00450,6/6/2025,16.59891304,47.2921187,6.136363636,3,2025
Hull,Hull Freetown - UKA00450,6/7/2025,6.907083333,40.52923042,7.043478261,3.52173913,2025
Hull,Hull Freetown - UKA00450,6/8/2025,14.2173913,45.65217391,15.47826087,7.217391304,2025
Hull,Hull Freetown - UKA00450,6/9/2025,15.47489583,32.84888917,13.82608696,7.086956522,2025
Hull,Hull Freetown - UKA00450,6/10/2025,17.7784375,39.61345958,12,5.652173913,2025
Hull,Hull Freetown - UKA00450,6/11/2025,22.96195313,17.72431063,NA,NA,2025
Hull,Hull Freetown - UKA00450,6/13/2025,14.60869565,75.95652174,21.82608696,11.95652174,2025
Hull,Hull Freetown - UKA00450,6/14/2025,12.2625,91.92657875,19.43478261,11.34782609,2025
Hull,Hull Freetown - UKA00450,6/15/2025,9.08125,68.48604083,12.26086957,6.434782609,2025
Hull,Hull Freetown - UKA00450,6/16/2025,11.2173913,62.69565217,9.565217391,5.260869565,2025
Hull,Hull Freetown - UKA00450,6/17/2025,11.43478261,69.04347826,17.56521739,10.34782609,2025
Hull,Hull Freetown - UKA00450,6/18/2025,8.55828125,67.8029225,14.60869565,9.043478261,2025
Hull,Hull Freetown - UKA00450,6/19/2025,8.90390625,66.99337083,14.43478261,8.434782609,2025
Hull,Hull Freetown - UKA00450,6/20/2025,13.61838542,73.77743875,14,6.913043478,2025
Hull,Hull Freetown - UKA00450,6/21/2025,17.83921875,99.15985833,18.7826087,9.130434783,2025
Hull,Hull Freetown - UKA00450,6/22/2025,9.049583333,78.70858625,16.52173913,8,2025
Hull,Hull Freetown - UKA00450,6/23/2025,7.940104167,52.3617575,8.956521739,4.260869565,2025
Hull,Hull Freetown - UKA00450,6/24/2025,13.08901042,46.97745667,11.73913043,4.782608696,2025
Hull,Hull Freetown - UKA00450,6/25/2025,12.63383333,33.35134267,7.318181818,3.318181818,2025
Hull,Hull Freetown - UKA00450,6/26/2025,NA,NA,10.18181818,4,2025
Hull,Hull Freetown - UKA00450,6/27/2025,NA,NA,13,4.285714286,2025
Hull,Hull Freetown - UKA00450,6/28/2025,7.136363636,45.27272727,9.318181818,3.727272727,2025
Hull,Hull Freetown - UKA00450,6/29/2025,6.921666667,56.40342417,8.173913043,4.565217391,2025
Hull,Hull Freetown - UKA00450,6/30/2025,13.30005208,55.06410458,11.86956522,6.260869565,2025
Hull,Hull Freetown - UKA00450,7/1/2025,26.68806818,44.30454,NA,NA,2025
Hull,Hull Freetown - UKA00450,7/2/2025,8.7975,69.470317,NA,NA,2025
Hull,Hull Freetown - UKA00450,7/3/2025,27.98625,39.82253042,NA,NA,2025
Hull,Hull Freetown - UKA00450,7/4/2025,NA,NA,15.69565217,6.695652174,2025
Hull,Hull Freetown - UKA00450,7/5/2025,NA,NA,12.81818182,5.818181818,2025
Hull,Hull Freetown - UKA00450,7/6/2025,13.14953125,51.58073542,8.130434783,3.869565217,2025
Hull,Hull Freetown - UKA00450,7/7/2025,4.349947917,59.04469667,7.913043478,4.173913043,2025
Hull,Hull Freetown - UKA00450,7/8/2025,18.63817708,45.97182875,19.17391304,8.565217391,2025
Hull,Hull Freetown - UKA00450,7/9/2025,8.971302083,75.19955417,15.82608696,7.52173913,2025
Hull,Hull Freetown - UKA00450,7/10/2025,26.2173913,29.73913043,13,5.739130435,2025
Hull,Hull Freetown - UKA00450,7/11/2025,22.07571429,22.40886,NA,NA,2025
Hull,Hull Freetown - UKA00450,7/13/2025,3.834010417,57.42050292,8.695652174,4.434782609,2025
Hull,Hull Freetown - UKA00450,7/14/2025,13.75932292,65.19392625,14.60869565,9.043478261,2025
Hull,Hull Freetown - UKA00450,7/15/2025,15.228125,42.92041333,16.65217391,6.652173913,2025
Hull,Hull Freetown - UKA00450,7/16/2025,7.173913043,52.82608696,10.43478261,4.434782609,2025
Hull,Hull Freetown - UKA00450,7/17/2025,14.09697917,53.7787825,14.65217391,6.782608696,2025
Hull,Hull Freetown - UKA00450,7/18/2025,18.31463542,48.86122,20.60869565,11.52173913,2025
Hull,Hull Freetown - UKA00450,7/19/2025,18.50223958,44.27923042,18,9.869565217,2025
Hull,Hull Freetown - UKA00450,7/20/2025,12.10015625,46.62946333,24.39130435,14.60869565,2025
Hull,Hull Freetown - UKA00450,7/21/2025,12.23609375,45.87114792,14.7826087,6.043478261,2025
Hull,Hull Freetown - UKA00450,7/22/2025,12.04984375,52.47853167,10.30434783,4.391304348,2025
Hull,Hull Freetown - UKA00450,7/23/2025,6.703541667,45.30434783,13.13043478,8.47826087,2025
Hull,Hull Freetown - UKA00450,7/24/2025,5.429635417,47.96351333,18.34782609,12.26086957,2025
Hull,Hull Freetown - UKA00450,7/25/2025,10.7734375,54.72003708,19.43478261,12.7826087,2025
Hull,Hull Freetown - UKA00450,7/26/2025,7.091979167,55.56114833,17.82608696,12,2025
Hull,Hull Freetown - UKA00450,7/27/2025,5.8028125,47.50446333,9.434782609,5,2025
Hull,Hull Freetown - UKA00450,7/28/2025,8.139456522,51.13988125,9.913043478,5.260869565,2025
Hull,Hull Freetown - UKA00450,7/29/2025,6.958541667,51.38733083,11.17391304,4.043478261,2025
Hull,Hull Freetown - UKA00450,7/30/2025,11.76911458,44.26206208,14.17391304,5.695652174,2025
Hull,Hull Freetown - UKA00450,7/31/2025,6.712884615,40.79283333,12.9375,5.5625,2025
Hull,Hull Freetown - UKA00450,8/1/2025,43.764375,30.36790167,NA,NA,2025
Hull,Hull Freetown - UKA00450,8/2/2025,10.27285714,53.17115,NA,NA,2025
Hull,Hull Freetown - UKA00450,8/3/2025,31.919625,48.116327,NA,NA,2025
Hull,Hull Freetown - UKA00450,8/4/2025,NA,NA,17.47826087,8.391304348,2025
Hull,Hull Freetown - UKA00450,8/5/2025,NA,NA,11.69565217,5.173913043,2025
Hull,Hull Freetown - UKA00450,8/6/2025,3.565217391,61.26086957,5.739130435,2.608695652,2025
Hull,Hull Freetown - UKA00450,8/7/2025,5.714479167,61.87686542,13.2173913,5,2025
Hull,Hull Freetown - UKA00450,8/8/2025,18.04208333,47.17104042,13.82608696,7.304347826,2025
Hull,Hull Freetown - UKA00450,8/9/2025,17.52958333,48.6453775,12.69565217,5.565217391,2025
Hull,Hull Freetown - UKA00450,8/10/2025,18.96921875,41.75589667,10.91304348,5.217391304,2025
Hull,Hull Freetown - UKA00450,8/11/2025,24.384375,23.7987225,NA,NA,2025
Hull,Hull Freetown - UKA00450,8/13/2025,18.9646875,77.31838875,30.82608696,17.52173913,2025
Hull,Hull Freetown - UKA00450,8/14/2025,16.21328125,55.16261958,23.81818182,11.77272727,2025
Hull,Hull Freetown - UKA00450,8/15/2025,6.453541667,54.16263542,11.34782609,5.434782609,2025
Hull,Hull Freetown - UKA00450,8/16/2025,3.452864583,64.76858583,15.04347826,7.695652174,2025
Hull,Hull Freetown - UKA00450,8/17/2025,4.84015625,53.36157833,11.04347826,6,2025
Hull,Hull Freetown - UKA00450,8/18/2025,6.133645833,57.5776,13.17391304,5.913043478,2025
Hull,Hull Freetown - UKA00450,8/19/2025,7.076041667,58.8197325,8.391304348,3.347826087,2025
Hull,Hull Freetown - UKA00450,8/20/2025,5.322395833,63.41996542,14.47826087,4.826086957,2025
Hull,Hull Freetown - UKA00450,8/21/2025,6.1115625,66.00240292,16.47826087,5.304347826,2025
Hull,Hull Freetown - UKA00450,8/22/2025,21.34782609,41.95652174,13.91304348,5.086956522,2025
Hull,Hull Freetown - UKA00450,8/23/2025,13.42234375,52.42854958,12.95652174,5.869565217,2025
Hull,Hull Freetown - UKA00450,8/24/2025,16.50270833,55.761435,12.34782609,5.434782609,2025
Hull,Hull Freetown - UKA00450,8/25/2025,14.77114583,72.49426667,15.73913043,7.565217391,2025
Hull,Hull Freetown - UKA00450,8/26/2025,19.26086957,70.30434783,15.13043478,5.913043478,2025
Hull,Hull Freetown - UKA00450,8/27/2025,18.02614583,50.95439167,16.04347826,6.47826087,2025
Hull,Hull Freetown - UKA00450,8/28/2025,16.37270833,43.39546708,12,4.565217391,2025
Hull,Hull Freetown - UKA00450,8/29/2025,13.04347826,43.95652174,9.608695652,4,2025
Hull,Hull Freetown - UKA00450,8/30/2025,11.26864583,38.18025167,10.69565217,5.304347826,2025
Hull,Hull Freetown - UKA00450,8/31/2025,4.508645833,48.47173917,10.43478261,4.565217391,2025
Sheffield,Sheffield Devonshire Green - UKA00575,6/20/2023,28.13636364,21.09090909,13.27272727,9.704545455,2023
Sheffield,Sheffield Devonshire Green - UKA00575,7/20/2023,17.39130435,30.56521739,11.60869565,8.130434783,2023
Sheffield,Sheffield Devonshire Green - UKA00575,8/20/2023,16.09090909,38.52272727,9.954545455,6.386363636,2023
Sheffield,Sheffield Devonshire Green - UKA00575,6/21/2024,25.33707865,35.97777778,13.95454545,9.454545455,2024
Sheffield,Sheffield Devonshire Green - UKA00575,7/21/2024,19.95348837,38.62790698,18.43283582,13.31343284,2024
Sheffield,Sheffield Devonshire Green - UKA00575,8/21/2024,19.75324675,37.24675325,19.19298246,13.10526316,2024
Sheffield,Sheffield Devonshire Green - UKA00575,6/1/2025,11.0446875,58.34927875,NA,NA,2025
Sheffield,Sheffield Devonshire Green - UKA00575,6/2/2025,50.29875,3.858353333,NA,NA,2025
Sheffield,Sheffield Devonshire Green - UKA00575,6/3/2025,19.32456522,60.33955565,NA,NA,2025
Sheffield,Sheffield Devonshire Green - UKA00575,6/4/2025,NA,NA,16.29411765,9.117647059,2025
Sheffield,Sheffield Devonshire Green - UKA00575,6/5/2025,NA,NA,10.5,5.636363636,2025
Sheffield,Sheffield Devonshire Green - UKA00575,6/6/2025,6.906141304,58.76897739,4.454545455,2.090909091,2025
Sheffield,Sheffield Devonshire Green - UKA00575,6/7/2025,4.074895833,38.6666875,5.47826087,2.869565217,2025
Sheffield,Sheffield Devonshire Green - UKA00575,6/8/2025,7.47826087,48.65217391,14.17391304,7.217391304,2025
Sheffield,Sheffield Devonshire Green - UKA00575,6/9/2025,17.33442708,33.34021542,8.086956522,4,2025
Sheffield,Sheffield Devonshire Green - UKA00575,6/10/2025,7.814427083,43.77932,10.39130435,5,2025
Sheffield,Sheffield Devonshire Green - UKA00575,6/11/2025,26.4435,6.38624,NA,NA,2025
Sheffield,Sheffield Devonshire Green - UKA00575,6/13/2025,NA,75.43478261,14.04347826,8.304347826,2025
Sheffield,Sheffield Devonshire Green - UKA00575,6/14/2025,NA,67.91102292,12.91304348,7.304347826,2025
Sheffield,Sheffield Devonshire Green - UKA00575,6/15/2025,NA,67.70179375,8.52173913,5.130434783,2025
Sheffield,Sheffield Devonshire Green - UKA00575,6/16/2025,NA,64.7826087,7.52173913,5.043478261,2025
Sheffield,Sheffield Devonshire Green - UKA00575,6/17/2025,7.333333333,75.30434783,13.34782609,8.695652174,2025
Sheffield,Sheffield Devonshire Green - UKA00575,6/18/2025,6.473125,70.97003708,12.82608696,8.52173913,2025
Sheffield,Sheffield Devonshire Green - UKA00575,6/19/2025,10.19739583,74.61881875,12.13043478,6.826086957,2025
Sheffield,Sheffield Devonshire Green - UKA00575,6/20/2025,16.228125,91.60084417,18.7826087,9.695652174,2025
Sheffield,Sheffield Devonshire Green - UKA00575,6/21/2025,15.31166667,95.35003792,25.82608696,10.65217391,2025
Sheffield,Sheffield Devonshire Green - UKA00575,6/22/2025,5.141354167,72.17433929,16.52173913,8.782608696,2025
Sheffield,Sheffield Devonshire Green - UKA00575,6/23/2025,3.439427083,53.88786833,7.043478261,3.304347826,2025
Sheffield,Sheffield Devonshire Green - UKA00575,6/24/2025,3.226770833,48.12758208,8.565217391,3.869565217,2025
Sheffield,Sheffield Devonshire Green - UKA00575,6/25/2025,5.647760417,35.37927625,5.318181818,2.136363636,2025
Sheffield,Sheffield Devonshire Green - UKA00575,6/26/2025,4.975364583,NA,6.909090909,3,2025
Sheffield,Sheffield Devonshire Green - UKA00575,6/27/2025,3.907552083,52.72727273,9.043478261,4.260869565,2025
Sheffield,Sheffield Devonshire Green - UKA00575,6/28/2025,2.105416667,42.89716917,6.913043478,3.043478261,2025
Sheffield,Sheffield Devonshire Green - UKA00575,6/29/2025,3.66734375,45.46234875,7.130434783,3.826086957,2025
Sheffield,Sheffield Devonshire Green - UKA00575,6/30/2025,8.716510417,50.15530542,8.391304348,4,2025
Sheffield,Sheffield Devonshire Green - UKA00575,7/1/2025,13.980375,53.624459,NA,NA,2025
Sheffield,Sheffield Devonshire Green - UKA00575,7/2/2025,21.45825,42.747894,NA,NA,2025
Sheffield,Sheffield Devonshire Green - UKA00575,7/3/2025,23.53171875,41.51056,NA,NA,2025
Sheffield,Sheffield Devonshire Green - UKA00575,7/4/2025,NA,NA,12.81818182,6,2025
Sheffield,Sheffield Devonshire Green - UKA00575,7/5/2025,NA,NA,14.59090909,7.454545455,2025
Sheffield,Sheffield Devonshire Green - UKA00575,7/6/2025,7.046197917,56.22897958,7.304347826,3.130434783,2025
Sheffield,Sheffield Devonshire Green - UKA00575,7/7/2025,3.29234375,58.58755688,5.565217391,3.260869565,2025
Sheffield,Sheffield Devonshire Green - UKA00575,7/8/2025,8.95921875,51.38813708,14.52173913,8.608695652,2025
Sheffield,Sheffield Devonshire Green - UKA00575,7/9/2025,14.35994792,53.01912333,10.04347826,5.043478261,2025
Sheffield,Sheffield Devonshire Green - UKA00575,7/10/2025,12.2173913,46.60869565,8.304347826,4.304347826,2025
Sheffield,Sheffield Devonshire Green - UKA00575,7/11/2025,21.22875,23.69181,NA,NA,2025
Sheffield,Sheffield Devonshire Green - UKA00575,7/13/2025,8.131354167,53.07259917,10.39130435,5.217391304,2025
Sheffield,Sheffield Devonshire Green - UKA00575,7/14/2025,5.370208333,61.90342417,14.04347826,8.086956522,2025
Sheffield,Sheffield Devonshire Green - UKA00575,7/15/2025,5.429166667,43.4889075,10.91304348,4.391304348,2025
Sheffield,Sheffield Devonshire Green - UKA00575,7/16/2025,5.608695652,56.34782609,5.652173913,2.565217391,2025
Sheffield,Sheffield Devonshire Green - UKA00575,7/17/2025,14.08604167,37.96252792,8.043478261,4.347826087,2025
Sheffield,Sheffield Devonshire Green - UKA00575,7/18/2025,10.10151042,31.55659542,8,4.695652174,2025
Sheffield,Sheffield Devonshire Green - UKA00575,7/19/2025,14.12088542,33.80426625,9.260869565,5.47826087,2025
Sheffield,Sheffield Devonshire Green - UKA00575,7/20/2025,14.38020833,24.86453458,13.73913043,8.826086957,2025
Sheffield,Sheffield Devonshire Green - UKA00575,7/21/2025,10.51385417,40.17229458,7.565217391,4.173913043,2025
Sheffield,Sheffield Devonshire Green - UKA00575,7/22/2025,6.606304348,55.10371083,5.217391304,3.347826087,2025
Sheffield,Sheffield Devonshire Green - UKA00575,7/23/2025,4.705364583,45.4794275,11.60869565,8.913043478,2025
Sheffield,Sheffield Devonshire Green - UKA00575,7/24/2025,7.155729167,43.96306542,14.69565217,11,2025
Sheffield,Sheffield Devonshire Green - UKA00575,7/25/2025,7.1484375,51.21252792,21.2173913,16.82608696,2025
Sheffield,Sheffield Devonshire Green - UKA00575,7/26/2025,8.650260417,49.22915875,12.52173913,9.565217391,2025
Sheffield,Sheffield Devonshire Green - UKA00575,7/27/2025,10.85927083,43.56320875,9.217391304,5.47826087,2025
Sheffield,Sheffield Devonshire Green - UKA00575,7/28/2025,4.902083333,52.72933792,8.695652174,5.565217391,2025
Sheffield,Sheffield Devonshire Green - UKA00575,7/29/2025,11.19260417,45.56390357,6.066666667,3.933333333,2025
Sheffield,Sheffield Devonshire Green - UKA00575,7/30/2025,6.818181818,48.716441,5.833333333,3.916666667,2025
Sheffield,Sheffield Devonshire Green - UKA00575,7/31/2025,7.245208333,46.62141667,7.304347826,4.869565217,2025
Sheffield,Sheffield Devonshire Green - UKA00575,8/1/2025,40.768125,33.06209667,NA,NA,2025
Sheffield,Sheffield Devonshire Green - UKA00575,8/2/2025,17.92285714,37.57618,NA,NA,2025
Sheffield,Sheffield Devonshire Green - UKA00575,8/3/2025,29.6915625,39.754344,NA,NA,2025
Sheffield,Sheffield Devonshire Green - UKA00575,8/4/2025,NA,NA,14.26086957,6.826086957,2025
Sheffield,Sheffield Devonshire Green - UKA00575,8/5/2025,NA,NA,12.13043478,6.173913043,2025
Sheffield,Sheffield Devonshire Green - UKA00575,8/6/2025,4.304347826,62.95652174,6.956521739,3.217391304,2025
Sheffield,Sheffield Devonshire Green - UKA00575,8/7/2025,3.906875,55.25396364,10.04347826,4.47826087,2025
Sheffield,Sheffield Devonshire Green - UKA00575,8/8/2025,6.819891304,52.62025208,10.43478261,6.565217391,2025
Sheffield,Sheffield Devonshire Green - UKA00575,8/9/2025,9.163697917,50.03656042,8.47826087,4,2025
Sheffield,Sheffield Devonshire Green - UKA00575,8/10/2025,13.10197917,45.45457083,6.913043478,3.52173913,2025
Sheffield,Sheffield Devonshire Green - UKA00575,8/11/2025,23.409,21.97930933,NA,NA,2025
Sheffield,Sheffield Devonshire Green - UKA00575,8/13/2025,21.36197917,86.90887292,30.73913043,16.95652174,2025
Sheffield,Sheffield Devonshire Green - UKA00575,8/14/2025,6.78640625,57.46170583,18.81818182,10.09090909,2025
Sheffield,Sheffield Devonshire Green - UKA00575,8/15/2025,6.376354167,56.89654208,8.130434783,4.391304348,2025
Sheffield,Sheffield Devonshire Green - UKA00575,8/16/2025,8.561458333,60.61193667,14.82608696,9.217391304,2025
Sheffield,Sheffield Devonshire Green - UKA00575,8/17/2025,10.08536458,45.60397958,13.60869565,8.391304348,2025
Sheffield,Sheffield Devonshire Green - UKA00575,8/18/2025,10.99588542,48.36256375,14.60869565,8.434782609,2025
Sheffield,Sheffield Devonshire Green - UKA00575,8/19/2025,8.14296875,50.82948125,9.739130435,4.869565217,2025
Sheffield,Sheffield Devonshire Green - UKA00575,8/20/2025,6.848125,54.36130958,10.82608696,5.826086957,2025
Sheffield,Sheffield Devonshire Green - UKA00575,8/21/2025,12.74885417,58.35290458,12.7826087,5.52173913,2025
Sheffield,Sheffield Devonshire Green - UKA00575,8/22/2025,10.7826087,48.26086957,11.34782609,5,2025
Sheffield,Sheffield Devonshire Green - UKA00575,8/23/2025,12.1509375,47.17872875,9.739130435,5.695652174,2025
Sheffield,Sheffield Devonshire Green - UKA00575,8/24/2025,17.6475,46.73899708,13.7826087,8.782608696,2025
Sheffield,Sheffield Devonshire Green - UKA00575,8/25/2025,11.80526042,74.34754542,14.34782609,8.260869565,2025
Sheffield,Sheffield Devonshire Green - UKA00575,8/26/2025,7.652173913,73.52173913,11.91304348,5.52173913,2025
Sheffield,Sheffield Devonshire Green - UKA00575,8/27/2025,8.187604167,55.84485792,11.39130435,5,2025
Sheffield,Sheffield Devonshire Green - UKA00575,8/28/2025,9.768177083,38.1065775,9,3.956521739,2025
Sheffield,Sheffield Devonshire Green - UKA00575,8/29/2025,8.130434783,45,7.782608696,3.913043478,2025
Sheffield,Sheffield Devonshire Green - UKA00575,8/30/2025,7.106770833,41.13813708,7.217391304,3.956521739,2025
Sheffield,Sheffield Devonshire Green - UKA00575,8/31/2025,5.181458333,47.32179292,9.086956522,4.52173913,2025
Hull,Hull Freetown - UKA00450,9/20/2023,21.5,44.51428571,14.31428571,7.028571429,2023
Hull,Hull Freetown - UKA00450,10/20/2023,19,49.5915493,11.63380282,5.704225352,2023
Hull,Hull Freetown - UKA00450,11/20/2023,23.71212121,45.46969697,10.86363636,6.136363636,2023
Hull,Hull Freetown - UKA00450,9/21/2024,16.91666667,54.80555556,21.57142857,12.94642857,2024
Hull,Hull Freetown - UKA00450,10/21/2024,20.55555556,42.38271605,20.96296296,14.11111111,2024
Hull,Hull Freetown - UKA00450,11/21/2024,15.30263158,53.67105263,22.65,15.08333333,2024
Hull,Hull Freetown - UKA00450,9/1/2025,33.220125,33.368104,NA,NA,2025
Hull,Hull Freetown - UKA00450,9/2/2025,9.9928125,38.11787,NA,NA,2025
Hull,Hull Freetown - UKA00450,9/3/2025,18.93375,50.93192708,NA,NA,2025
Hull,Hull Freetown - UKA00450,9/4/2025,NA,NA,16,8.727272727,2025
Hull,Hull Freetown - UKA00450,9/5/2025,NA,NA,13.86956522,6.565217391,2025
Hull,Hull Freetown - UKA00450,9/6/2025,16.44047619,54.96911714,16.73684211,12.63157895,2025
Hull,Hull Freetown - UKA00450,9/7/2025,10.7809375,47.02055667,16.30434783,6.260869565,2025
Hull,Hull Freetown - UKA00450,9/8/2025,14.70260417,48.49686458,12.13043478,5.826086957,2025
Hull,Hull Freetown - UKA00450,9/9/2025,14.95652174,45,10.95652174,4,2025
Hull,Hull Freetown - UKA00450,9/10/2025,19.39817708,40.96405083,13.56521739,6.608695652,2025
Hull,Hull Freetown - UKA00450,9/11/2025,19.00027174,25.09375826,NA,NA,2025
Hull,Hull Freetown - UKA00450,9/13/2025,NA,NA,8.217391304,3.652173913,2025
Hull,Hull Freetown - UKA00450,9/14/2025,NA,NA,8,3,2025
Hull,Hull Freetown - UKA00450,9/15/2025,NA,NA,NA,NA,2025
Hull,Hull Freetown - UKA00450,9/16/2025,8.318181818,54.36363636,7.363636364,3.090909091,2025
Hull,Hull Freetown - UKA00450,9/17/2025,16.57348958,37.71028833,8.173913043,3.695652174,2025
Hull,Hull Freetown - UKA00450,9/18/2025,16.0971875,36.20080833,6.434782609,2.391304348,2025
Hull,Hull Freetown - UKA00450,9/19/2025,19.31146739,35.21430652,8.136363636,3.772727273,2025
Hull,Hull Freetown - UKA00450,9/20/2025,11.90909091,35.36363636,13.09090909,7.136363636,2025
Hull,Hull Freetown - UKA00450,9/21/2025,3.958333333,62.985145,6.608695652,3.391304348,2025
Hull,Hull Freetown - UKA00450,9/22/2025,11.69192708,50.88751,11,4.956521739,2025
Hull,Hull Freetown - UKA00450,9/23/2025,19.43478261,37.95652174,13.95652174,5.782608696,2025
Hull,Hull Freetown - UKA00450,9/24/2025,16.145,39.87740292,13.36363636,6.090909091,2025
Hull,Hull Freetown - UKA00450,9/25/2025,13.45375,42.63080708,11.73913043,5,2025
Hull,Hull Freetown - UKA00450,9/26/2025,17.30434783,42.82608696,15.43478261,5.652173913,2025
Hull,Hull Freetown - UKA00450,9/27/2025,11.235625,37.96333417,16.34782609,8.217391304,2025
Hull,Hull Freetown - UKA00450,9/28/2025,11.70171875,42.55426625,13.95652174,9.913043478,2025
Hull,Hull Freetown - UKA00450,9/29/2025,23.88723958,19.98319,19.65217391,14.47826087,2025
Hull,Hull Freetown - UKA00450,9/30/2025,24.96057292,30.08154167,20.7826087,9,2025
Hull,Hull Freetown - UKA00450,10/1/2025,40.4971875,27.34109,NA,NA,2025
Hull,Hull Freetown - UKA00450,10/2/2025,6.534375,61.83343833,NA,NA,2025
Hull,Hull Freetown - UKA00450,10/3/2025,12.7340625,69.21752833,NA,NA,2025
Hull,Hull Freetown - UKA00450,10/4/2025,NA,NA,16.60869565,9.347826087,2025
Hull,Hull Freetown - UKA00450,10/5/2025,NA,NA,16,7.260869565,2025
Hull,Hull Freetown - UKA00450,10/6/2025,7.927941176,61.15423412,20,14.6,2025
Hull,Hull Freetown - UKA00450,10/7/2025,13.29734375,45.76107667,8.869565217,3.695652174,2025
Hull,Hull Freetown - UKA00450,10/8/2025,16.59151042,53.56991167,17.69565217,9.565217391,2025
Hull,Hull Freetown - UKA00450,10/9/2025,11.64479167,55.68614833,11.82608696,4.47826087,2025
Hull,Hull Freetown - UKA00450,10/10/2025,24.00838542,31.28942708,10.17391304,5.173913043,2025
Hull,Hull Freetown - UKA00450,10/11/2025,16.43011364,42.96197818,NA,NA,2025
Hull,Hull Freetown - UKA00450,10/13/2025,11.35244792,35.59691833,12.43478261,8.652173913,2025
Hull,Hull Freetown - UKA00450,10/14/2025,6.93578125,42.729965,8.434782609,5.608695652,2025
Hull,Hull Freetown - UKA00450,10/15/2025,8.570572917,58.96322875,7.565217391,4.304347826,2025
Hull,Hull Freetown - UKA00450,10/16/2025,11.86956522,53.52173913,8.347826087,3.826086957,2025
Hull,Hull Freetown - UKA00450,10/17/2025,13.91304348,40.26086957,17.47826087,12.65217391,2025
Hull,Hull Freetown - UKA00450,10/18/2025,13.78572917,45.287725,20.2173913,14.73913043,2025
Hull,Hull Freetown - UKA00450,10/19/2025,11.68828125,47.66165,17.39130435,10.73913043,2025
Hull,Hull Freetown - UKA00450,10/20/2025,19.78755435,36.92045565,14.64705882,8.705882353,2025
Hull,Hull Freetown - UKA00450,10/21/2025,20.8496875,26.732115,12,7.652173913,2025
Hull,Hull Freetown - UKA00450,10/22/2025,24.39729167,41.62034167,10.60869565,4.391304348,2025
Hull,Hull Freetown - UKA00450,10/23/2025,6.700989583,52.90082625,10.13636364,4.5,2025
Hull,Hull Freetown - UKA00450,10/24/2025,13.52173913,46.17391304,7.608695652,3.52173913,2025
Hull,Hull Freetown - UKA00450,10/25/2025,2.574895833,56.71270708,5.347826087,2.47826087,2025
Hull,Hull Freetown - UKA00450,10/26/2025,7.280170455,53.27242227,4,2,2025
Hull,Hull Freetown - UKA00450,10/27/2025,11.91835227,54.22861182,NA,NA,2025
Hull,Hull Freetown - UKA00450,10/28/2025,18.32414063,46.88647688,NA,NA,2025
Hull,Hull Freetown - UKA00450,10/29/2025,31.23195652,33.31083609,NA,NA,2025
Hull,Hull Freetown - UKA00450,10/30/2025,25.01897727,29.30957591,NA,NA,2025
Hull,Hull Freetown - UKA00450,10/31/2025,8.4628125,56.75271875,NA,NA,2025
Hull,Hull Freetown - UKA00450,11/1/2025,60.20125,3.104422222,NA,NA,2025
Hull,Hull Freetown - UKA00450,11/2/2025,11.53384615,47.19062923,NA,NA,2025
Hull,Hull Freetown - UKA00450,11/3/2025,12.15803571,68.10088667,NA,NA,2025
Hull,Hull Freetown - UKA00450,11/4/2025,NA,NA,30.86363636,17.68181818,2025
Hull,Hull Freetown - UKA00450,11/5/2025,NA,NA,17.43478261,9.217391304,2025
Hull,Hull Freetown - UKA00450,11/6/2025,10.88141304,75.65486826,10.86363636,6.318181818,2025
Hull,Hull Freetown - UKA00450,11/7/2025,19.1928125,61.53745625,13.7826087,5.608695652,2025
Hull,Hull Freetown - UKA00450,11/8/2025,23.02020833,50.20501875,24.52173913,13.39130435,2025
Hull,Hull Freetown - UKA00450,11/9/2025,15.95239583,35.70412292,10.08695652,4,2025
Hull,Hull Freetown - UKA00450,11/10/2025,24.7540625,30.2714525,13.73913043,7.826086957,2025
Hull,Hull Freetown - UKA00450,11/11/2025,15.35464286,43.43023333,NA,NA,2025
Hull,Hull Freetown - UKA00450,11/13/2025,18.9125,44.28236556,NA,NA,2025
Hull,Hull Freetown - UKA00450,11/14/2025,2.6775,72.84305,NA,NA,2025
Sheffield,Sheffield Devonshire Green - UKA00575,9/20/2023,12.59090909,47.36363636,11.29545455,6.386363636,2023
Sheffield,Sheffield Devonshire Green - UKA00575,10/20/2023,14.66666667,49.4,8.355555556,4.688888889,2023
Sheffield,Sheffield Devonshire Green - UKA00575,11/20/2023,21.88888889,42.35555556,7.755555556,4.888888889,2023
Sheffield,Sheffield Devonshire Green - UKA00575,9/21/2024,22.36111111,40.31944444,20.01785714,13.30357143,2024
Sheffield,Sheffield Devonshire Green - UKA00575,10/21/2024,25.5,32.3625,25.79245283,19.73584906,2024
Sheffield,Sheffield Devonshire Green - UKA00575,11/21/2024,19.60526316,40.31578947,19.83050847,15.91525424,2024
Sheffield,Sheffield Devonshire Green - UKA00575,9/1/2025,32.39775,33.348147,NA,NA,2025
Sheffield,Sheffield Devonshire Green - UKA00575,9/2/2025,15.586875,24.34754,NA,NA,2025
Sheffield,Sheffield Devonshire Green - UKA00575,9/3/2025,31.30921875,39.68948375,NA,NA,2025
Sheffield,Sheffield Devonshire Green - UKA00575,9/4/2025,NA,NA,19.22727273,11.63636364,2025
Sheffield,Sheffield Devonshire Green - UKA00575,9/5/2025,NA,NA,13.91304348,7.782608696,2025
Sheffield,Sheffield Devonshire Green - UKA00575,9/6/2025,7.365833333,63.52010571,18.78947368,13.42105263,2025
Sheffield,Sheffield Devonshire Green - UKA00575,9/7/2025,4.600625,NA,9.956521739,4.217391304,2025
Sheffield,Sheffield Devonshire Green - UKA00575,9/8/2025,NA,57.54550292,8.217391304,4.347826087,2025
Sheffield,Sheffield Devonshire Green - UKA00575,9/9/2025,15.39130435,40.17391304,7.869565217,3.869565217,2025
Sheffield,Sheffield Devonshire Green - UKA00575,9/10/2025,12.20921875,49.47433765,9.086956522,4.913043478,2025
Sheffield,Sheffield Devonshire Green - UKA00575,9/11/2025,19.92326087,19.43638261,NA,NA,2025
Sheffield,Sheffield Devonshire Green - UKA00575,9/13/2025,9.623385417,45.46351333,6,3,2025
Sheffield,Sheffield Devonshire Green - UKA00575,9/14/2025,12.10447917,35.83914042,7.217391304,3.695652174,2025
Sheffield,Sheffield Devonshire Green - UKA00575,9/15/2025,3.260869565,59.73913043,6.913043478,3.739130435,2025
Sheffield,Sheffield Devonshire Green - UKA00575,9/16/2025,6.782608696,55.65217391,13.3,10.7,2025
Sheffield,Sheffield Devonshire Green - UKA00575,9/17/2025,8.792083333,41.72691917,NA,NA,2025
Sheffield,Sheffield Devonshire Green - UKA00575,9/18/2025,8.035729167,45.79066542,3.944444444,1.888888889,2025
Sheffield,Sheffield Devonshire Green - UKA00575,9/19/2025,9.243043478,43.79641043,5.681818182,3.090909091,2025
Sheffield,Sheffield Devonshire Green - UKA00575,9/20/2025,10.90909091,38.04545455,6.636363636,3.909090909,2025
Sheffield,Sheffield Devonshire Green - UKA00575,9/21/2025,4.5005,59.414114,4.391304348,2.565217391,2025
Sheffield,Sheffield Devonshire Green - UKA00575,9/22/2025,NA,NA,7.652173913,4.434782609,2025
Sheffield,Sheffield Devonshire Green - UKA00575,9/23/2025,NA,NA,7.434782609,4.086956522,2025
Sheffield,Sheffield Devonshire Green - UKA00575,9/24/2025,20.73295455,41.07968773,10.54545455,5.772727273,2025
Sheffield,Sheffield Devonshire Green - UKA00575,9/25/2025,20.285,31.74874583,12.13043478,6,2025
Sheffield,Sheffield Devonshire Green - UKA00575,9/26/2025,25.7826087,29.56521739,13.82608696,6.434782609,2025
Sheffield,Sheffield Devonshire Green - UKA00575,9/27/2025,21.36583333,24.84075292,17.69565217,10.52173913,2025
Sheffield,Sheffield Devonshire Green - UKA00575,9/28/2025,12.05916667,45.82966042,14.39130435,11.04347826,2025
Sheffield,Sheffield Devonshire Green - UKA00575,9/29/2025,20.50088542,31.97236625,7.52173913,4.695652174,2025
Sheffield,Sheffield Devonshire Green - UKA00575,9/30/2025,21.33875,28.21575292,8.956521739,5.217391304,2025
Sheffield,Sheffield Devonshire Green - UKA00575,10/1/2025,56.14056818,17.97944273,NA,NA,2025
Sheffield,Sheffield Devonshire Green - UKA00575,10/2/2025,13.19625,44.50411,NA,NA,2025
Sheffield,Sheffield Devonshire Green - UKA00575,10/3/2025,23.46796875,53.26024375,NA,NA,2025
Sheffield,Sheffield Devonshire Green - UKA00575,10/4/2025,NA,NA,21.34782609,15.34782609,2025
Sheffield,Sheffield Devonshire Green - UKA00575,10/5/2025,NA,NA,15.7826087,7.173913043,2025
Sheffield,Sheffield Devonshire Green - UKA00575,10/6/2025,6.009632353,72.74057235,16.86666667,12.4,2025
Sheffield,Sheffield Devonshire Green - UKA00575,10/7/2025,9.884322917,49.732844,4.608695652,2.217391304,2025
Sheffield,Sheffield Devonshire Green - UKA00575,10/8/2025,8.045454545,51.37132708,14.86956522,9.956521739,2025
Sheffield,Sheffield Devonshire Green - UKA00575,10/9/2025,15.67005208,42.01277875,7.869565217,4,2025
Sheffield,Sheffield Devonshire Green - UKA00575,10/10/2025,20.28276042,37.23014417,7.043478261,4,2025
Sheffield,Sheffield Devonshire Green - UKA00575,10/11/2025,19.87261364,31.44134636,NA,NA,2025
Sheffield,Sheffield Devonshire Green - UKA00575,10/13/2025,26.68255208,16.32430125,19.08695652,15.08695652,2025
Sheffield,Sheffield Devonshire Green - UKA00575,10/14/2025,17.83489583,27.57268875,13.86956522,11.08695652,2025
Sheffield,Sheffield Devonshire Green - UKA00575,10/15/2025,16.924375,48.15833542,14.34782609,10.7826087,2025
Sheffield,Sheffield Devonshire Green - UKA00575,10/16/2025,29.08695652,37.82608696,12.26086957,7.434782609,2025
Sheffield,Sheffield Devonshire Green - UKA00575,10/17/2025,30.04347826,22.39130435,19.65217391,13.65217391,2025
Sheffield,Sheffield Devonshire Green - UKA00575,10/18/2025,28.73265625,20.99820833,29.08695652,22.26086957,2025
Sheffield,Sheffield Devonshire Green - UKA00575,10/19/2025,18.7884375,30.80569958,17.26086957,12.60869565,2025
Sheffield,Sheffield Devonshire Green - UKA00575,10/20/2025,21.4836413,33.53988478,9.235294118,6.235294118,2025
Sheffield,Sheffield Devonshire Green - UKA00575,10/21/2025,13.93848958,35.3145525,8.608695652,5.956521739,2025
Sheffield,Sheffield Devonshire Green - UKA00575,10/22/2025,22.59880208,43.75365708,7.043478261,3.652173913,2025
Sheffield,Sheffield Devonshire Green - UKA00575,10/23/2025,15.85598958,37.58994667,9.318181818,6,2025
Sheffield,Sheffield Devonshire Green - UKA00575,10/24/2025,11.39130435,47.86956522,6.130434783,3.043478261,2025
Sheffield,Sheffield Devonshire Green - UKA00575,10/25/2025,10.52661458,49.18811917,4.608695652,2.52173913,2025
Sheffield,Sheffield Devonshire Green - UKA00575,10/26/2025,8.480340909,54.23340045,5,3,2025
Sheffield,Sheffield Devonshire Green - UKA00575,10/27/2025,9.249545455,56.11545545,NA,NA,2025
Sheffield,Sheffield Devonshire Green - UKA00575,10/28/2025,11.16421875,52.84863063,NA,NA,2025
Sheffield,Sheffield Devonshire Green - UKA00575,10/29/2025,16.04761364,42.68897333,NA,NA,2025
Sheffield,Sheffield Devonshire Green - UKA00575,10/30/2025,19.24670455,35.10617727,NA,NA,2025
Sheffield,Sheffield Devonshire Green - UKA00575,10/31/2025,17.17664063,47.18583188,NA,NA,2025
Sheffield,Sheffield Devonshire Green - UKA00575,11/1/2025,60.9875,4.19097,NA,NA,2025
Sheffield,Sheffield Devonshire Green - UKA00575,11/2/2025,20.31663462,33.78873615,NA,NA,2025
Sheffield,Sheffield Devonshire Green - UKA00575,11/3/2025,14.50022727,61.63991591,NA,NA,2025
Sheffield,Sheffield Devonshire Green - UKA00575,11/4/2025,NA,NA,24.77272727,13.18181818,2025
Sheffield,Sheffield Devonshire Green - UKA00575,11/5/2025,NA,NA,16.34782609,7.913043478,2025
Sheffield,Sheffield Devonshire Green - UKA00575,11/6/2025,14.95032609,64.59347522,16,10.18181818,2025
Sheffield,Sheffield Devonshire Green - UKA00575,11/7/2025,13.31578125,67.89811706,10.39130435,4.913043478,2025
Sheffield,Sheffield Devonshire Green - UKA00575,11/8/2025,14.42619792,47.01340583,16.17391304,11.34782609,2025
Sheffield,Sheffield Devonshire Green - UKA00575,11/9/2025,7.620208333,41.879105,6.217391304,3.043478261,2025
Sheffield,Sheffield Devonshire Green - UKA00575,11/10/2025,27.23630208,22.76367458,9.043478261,5.956521739,2025
Sheffield,Sheffield Devonshire Green - UKA00575,11/11/2025,15.14517857,40.45569,NA,NA,2025
Sheffield,Sheffield Devonshire Green - UKA00575,11/13/2025,15.905625,43.67256833,NA,NA,2025
Sheffield,Sheffield Devonshire Green - UKA00575,11/14/2025,12.43125,46.10067,NA,NA,2025
